City,Cloudiness,Country,Date,Humidity,Lat,Lng,Max Temp,Wind Speed
Mahebourg,20,MU,4/11/2018 6:00,66,-20.41,57.7,84.2,3.36
Castro,76,CL,4/11/2018 6:51,100,-42.48,-73.76,43.76,7.99
Hithadhoo,80,MV,4/11/2018 6:51,100,-0.6,73.08,82.91,12.24
Ribeira Grande,75,PT,4/11/2018 6:30,88,38.52,-28.7,62.6,14.99
Sinop,90,TR,4/11/2018 5:50,93,42.03,35.15,48.2,1.83
Ust-Kulom,80,RU,4/11/2018 6:51,63,61.69,53.69,27.56,12.91
Kannod,0,IN,4/11/2018 6:51,33,22.67,76.74,94.79,3.96
Ushuaia,75,AR,4/11/2018 6:00,64,-54.81,-68.31,39.2,2.24
Lebyazhye,0,RU,4/11/2018 6:00,55,59.96,29.42,35.6,8.95
Hermanus,0,ZA,4/11/2018 6:51,77,-34.42,19.24,53.21,8.55
Dingle,20,PH,4/11/2018 6:52,67,11,122.67,87.05,13.8
Thinadhoo,76,MV,4/11/2018 6:51,100,0.53,72.93,85.07,6.98
Olinda,40,EC,4/11/2018 6:00,78,-2.03,-79.75,73.4,11.41
Kavaratti,0,IN,4/11/2018 6:52,100,10.57,72.64,85.61,4.41
Klaksvik,92,FO,4/11/2018 6:20,93,62.23,-6.59,41,10.29
Itarare,0,BR,4/11/2018 6:51,97,-24.11,-49.33,61.13,5.3
Guanica,56,PR,4/11/2018 6:51,100,17.97,-66.91,76.16,12.24
Saint Augustine,20,TT,4/11/2018 6:00,83,10.65,-61.4,75.2,11.45
Karpathos,40,GR,4/11/2018 6:20,93,35.51,27.21,62.6,3.36
Bubaque,20,GW,4/11/2018 6:00,83,11.28,-15.83,75.2,2.24
Saint George,40,GR,4/11/2018 6:20,87,39.45,22.34,53.6,3.36
Sur,12,OM,4/11/2018 6:51,83,22.57,59.53,83.81,5.97
Torbay,20,CA,4/11/2018 6:00,92,47.66,-52.73,26.6,5.82
Kozhva,88,RU,4/11/2018 6:52,75,65.11,57.05,20.99,16.71
Camacha,40,PT,4/11/2018 6:30,87,33.08,-16.33,62.6,21.92
Nouadhibou,0,MR,4/11/2018 6:00,72,20.93,-17.03,60.8,24.16
Jamestown,100,AU,4/11/2018 6:51,16,-33.21,138.6,89.39,21.18
La Ceja,75,CO,4/11/2018 6:00,100,6.03,-75.43,57.2,3.36
Salalah,40,OM,4/11/2018 5:50,70,17.01,54.1,84.2,9.17
Daultala,40,PK,4/11/2018 6:00,50,33.19,73.14,77,11.41
Mana,0,RS,4/11/2018 6:30,81,43.52,20.24,51.8,2.24
Djambala,92,CG,4/11/2018 6:52,95,-2.55,14.76,68.69,5.97
Rio Grande,36,BR,4/11/2018 6:52,88,-32.03,-52.1,73.55,14.25
Luderitz,0,NA,4/11/2018 6:51,91,-26.65,15.16,59.06,7.2
Port-Cartier,75,CA,4/11/2018 6:00,84,50.03,-66.88,6.8,8.32
Polis,20,CY,4/11/2018 6:30,77,35.04,32.42,66.2,10.29
Westport,90,IE,4/11/2018 6:30,93,53.8,-9.52,42.8,5.82
Chuy,12,UY,4/11/2018 6:52,80,-33.69,-53.46,71.12,12.24
Port Alfred,80,ZA,4/11/2018 6:52,100,-33.59,26.89,64.64,8.32
Luanda,75,AO,4/11/2018 6:00,94,-8.83,13.24,78.8,6.93
Sayyan,48,YE,4/11/2018 6:52,77,15.17,44.32,61.04,1.95
Mmabatho,0,ZA,4/11/2018 6:00,88,-25.85,25.61,62.6,5.82
Dolores,92,AR,4/11/2018 6:52,98,-36.31,-57.68,67.88,4.41
Coquimbo,0,CL,4/11/2018 6:00,82,-29.95,-71.34,59,2.24
Cape Town,0,ZA,4/11/2018 6:00,71,-33.93,18.42,57.2,3.36
East London,40,ZA,4/11/2018 6:00,77,-33.02,27.91,59,13.87
Huarmey,12,PE,4/11/2018 6:52,83,-10.07,-78.15,59.42,3.4
Mezen,32,RU,4/11/2018 6:52,68,65.85,44.24,29.54,5.97
Margate,75,AU,4/11/2018 6:00,58,-43.03,147.26,57.2,13.87
Aconibe,36,GQ,4/11/2018 6:52,94,1.29,10.94,65.09,2.17
Tiznit,88,MA,4/11/2018 6:52,100,29.7,-9.73,57.62,5.97
Lodja,80,CD,4/11/2018 6:52,98,-3.52,23.6,72.02,3.18
Frederico Westphalen,0,BR,4/11/2018 6:52,79,-27.36,-53.4,66.89,6.76
Morondava,0,MG,4/11/2018 6:52,87,-20.3,44.28,81.92,4.18
Necochea,92,AR,4/11/2018 6:52,96,-38.55,-58.74,67.61,13.13
Kamenka,0,RU,4/11/2018 6:52,95,53.19,44.05,35.75,8.66
Astana,75,KZ,4/11/2018 6:00,65,51.13,71.43,44.6,26.84
Hodac,75,RO,4/11/2018 6:30,76,46.77,24.92,55.4,1.12
Bandiagara,8,ML,4/11/2018 6:00,15,14.35,-3.61,87.8,6.93
Cayenne,20,GF,4/11/2018 6:30,100,4.94,-52.33,73.4,5.75
Namibe,76,AO,4/11/2018 6:52,100,-15.19,12.15,76.25,4.74
Yarada,0,IN,4/11/2018 6:52,100,17.65,83.27,82.37,9.44
Voi,12,KE,4/11/2018 6:52,84,-3.4,38.57,74.45,3.74
Comodoro Rivadavia,0,AR,4/11/2018 6:00,100,-45.87,-67.48,48.2,19.46
Rafai,56,CF,4/11/2018 6:52,91,4.95,23.92,74,5.19
Santa Maria,0,BR,4/11/2018 6:52,83,-29.69,-53.81,65.54,3.74
Cidreira,0,BR,4/11/2018 6:52,78,-30.17,-50.22,72.83,12.01
Puri,24,ID,4/11/2018 6:52,75,-7.54,112.45,84.71,3.74
Lagoa Santa,0,BR,4/11/2018 6:00,77,-19.64,-43.9,66.2,6.93
Victoria,75,BN,4/11/2018 6:00,75,5.28,115.24,91.4,6.93
Mapiripan,92,CO,4/11/2018 6:52,100,2.89,-72.13,70.04,2.84
Shahreza,8,IR,4/11/2018 6:49,89,32.01,51.87,50.06,0.94
Bredasdorp,40,ZA,4/11/2018 6:00,67,-34.53,20.04,60.8,5.82
Takoradi,32,GH,4/11/2018 6:50,100,4.89,-1.75,79.31,5.08
Longyearbyen,75,NO,4/11/2018 6:20,72,78.22,15.63,17.6,6.93
Balkanabat,0,TM,4/11/2018 6:52,44,39.51,54.36,58.52,5.75
Nizwa,8,OM,4/11/2018 6:52,22,22.93,57.53,90.74,4.07
Punta Arenas,40,CL,4/11/2018 6:00,86,-53.16,-70.91,39.2,33.33
Mashhad,0,IR,4/11/2018 6:00,30,36.3,59.61,59,6.93
Georgetown,0,GY,4/11/2018 6:00,100,6.8,-58.16,73.4,4.7
Nexo,20,DK,4/11/2018 6:20,80,55.06,15.13,39.2,28.86
Les Cayes,76,HT,4/11/2018 6:52,100,18.19,-73.75,78.14,17.27
Kaniama,64,CD,4/11/2018 6:52,93,-7.57,24.18,69.68,3.62
Hit,80,IQ,4/11/2018 6:52,89,33.64,42.83,65.27,4.52
Oranjemund,0,ZA,4/11/2018 6:52,96,-28.55,16.43,61.76,8.77
Ostrovnoy,20,RU,4/11/2018 6:52,96,68.05,39.51,25.67,13.13
Chake Chake,92,TZ,4/11/2018 6:52,100,-5.25,39.77,78.95,8.43
Viedma,36,AR,4/11/2018 6:52,39,-40.81,-62.99,61.4,8.66
Bay Roberts,20,CA,4/11/2018 6:00,92,47.58,-53.28,26.6,5.82
Aleksandrov Gay,0,RU,4/11/2018 6:52,85,50.14,48.57,47.36,8.99
Ararangua,0,BR,4/11/2018 6:52,96,-28.93,-49.49,71.57,16.82
Urucui,92,BR,4/11/2018 6:52,98,-7.23,-44.56,69.77,4.41
Rio Gallegos,0,AR,4/11/2018 6:00,60,-51.62,-69.22,39.2,16.11
Tarpon Springs,90,US,4/11/2018 6:35,93,28.15,-82.76,68,12.75
Zinder,0,NE,4/11/2018 6:00,14,13.81,8.99,77,6.93
Butterworth,75,MY,4/11/2018 6:00,63,5.4,100.37,91.4,9.17
Hastings,48,NZ,4/11/2018 6:52,100,-39.64,176.84,51.77,30.91
Cockburn Town,48,TC,4/11/2018 6:52,100,21.46,-71.14,77.69,21.52
Mazagao,75,BR,4/11/2018 6:00,100,-0.12,-51.29,75.2,12.75
Brigantine,1,US,4/11/2018 6:00,74,39.41,-74.36,35.6,3.36
Newcastle,92,ZA,4/11/2018 6:49,97,-27.76,29.92,53.84,3.74
Taoudenni,0,ML,4/11/2018 6:52,34,22.68,-3.98,55.91,10.45
Atbasar,0,KZ,4/11/2018 6:52,87,51.81,68.36,42.68,16.6
Coihaique,0,CL,4/11/2018 6:00,86,-45.58,-72.07,39.2,4.7
Kamina,44,CD,4/11/2018 6:52,95,-8.74,25,70.49,4.41
Touros,92,BR,4/11/2018 6:52,100,-5.2,-35.46,72.56,5.19
Blagoyevo,0,RU,4/11/2018 6:52,55,63.37,47.92,27.11,10.67
Pustoshka,0,RU,4/11/2018 6:52,83,56.34,29.37,34.22,16.37
Vuktyl,76,RU,4/11/2018 6:52,69,63.86,57.31,23.78,12.46
Abnub,0,EG,4/11/2018 6:00,43,27.27,31.15,69.8,4.7
Bataipora,8,BR,4/11/2018 6:52,66,-22.3,-53.27,72.74,8.88
Oudtshoorn,20,ZA,4/11/2018 6:18,82,-33.59,22.2,57.2,6.93
Mwinilunga,48,ZM,4/11/2018 6:52,91,-11.73,24.43,65.81,3.18
Monchegorsk,80,RU,4/11/2018 6:52,81,67.94,32.93,28.73,3.29
Ponta Delgada,40,PT,4/11/2018 6:30,100,37.73,-25.67,59,14.99
Halifax,5,CA,4/11/2018 6:00,86,44.65,-63.58,28.4,4.7
Nurota,0,UZ,4/11/2018 6:00,27,40.56,65.69,62.6,16.11
Ninotsminda,20,GE,4/11/2018 6:00,50,41.27,43.59,53.6,2.24
Saint-Francois,0,FR,4/11/2018 6:30,70,46.42,3.91,48.2,6.93
Suez,0,EG,4/11/2018 6:52,50,29.97,32.54,64.01,3.4
Grand Gaube,20,MU,4/11/2018 6:00,66,-20.01,57.66,84.2,3.36
Sao Filipe,36,CV,4/11/2018 6:52,97,14.9,-24.5,70.58,20.85
Shakawe,68,BW,4/11/2018 6:52,60,-18.36,21.84,72.65,3.51
Aswan,0,EG,4/11/2018 6:00,25,24.09,32.9,73.4,5.82
Gediz,90,TR,4/11/2018 5:50,87,38.99,29.39,50,1.12
Moroni,92,US,4/11/2018 6:52,18,39.52,-111.59,54.56,7.87
San Cristobal,40,EC,4/11/2018 6:00,93,-0.39,-78.55,42.8,2.24
Saint-Philippe,1,CA,4/11/2018 6:15,92,45.36,-73.48,32,6.93
Lamu,88,ID,4/11/2018 6:52,100,0.57,122.3,78.14,2.51
Caxito,0,BR,4/11/2018 6:52,94,-22.65,-42.51,65.72,4.63
Maine-Soroa,0,NE,4/11/2018 6:52,20,13.21,12.02,70.4,7.99
Lagoa,20,PT,4/11/2018 6:30,87,37.14,-8.45,50,11.41
Marsh Harbour,0,BS,4/11/2018 6:52,98,26.54,-77.06,76.97,14.81
Beira,40,ES,4/11/2018 6:30,100,43.2,-8.36,37.4,4.7
Grindavik,75,IS,4/11/2018 6:30,93,63.84,-22.43,44.6,32.21
Mitsamiouli,20,KM,4/11/2018 6:00,66,-11.38,43.28,87.8,10.29
Allapalli,0,IN,4/11/2018 6:52,46,19.43,80.06,92.54,9.78
Santa Barbara,75,US,4/11/2018 6:35,93,34.42,-119.7,60.8,22.08
Svencioneliai,0,LT,4/11/2018 6:52,77,55.17,26,38.27,19.51
Chilca,75,PE,4/11/2018 6:00,81,-13.22,-72.34,44.6,0.72
Port Elizabeth,1,US,4/11/2018 5:56,79,39.31,-74.98,37.4,6.08
Rio Sereno,92,PA,4/11/2018 6:52,95,8.82,-82.87,64.46,1.72
Talara,64,PE,4/11/2018 6:52,90,-4.58,-81.27,67.97,5.41
Derzhavinsk,8,KZ,4/11/2018 6:52,83,51.1,66.31,44.66,18.61
Yauya,88,PE,4/11/2018 6:52,94,-8.99,-77.29,42.14,1.83
Walvis Bay,0,NA,4/11/2018 6:52,100,-22.95,14.51,64.37,3.4
Trinidad,0,UY,4/11/2018 6:52,71,-33.52,-56.9,72.74,9.44
Tocopilla,56,CL,4/11/2018 6:52,100,-22.09,-70.2,61.13,2.95
Porto Novo,75,BR,4/11/2018 6:00,82,-23.68,-45.44,68,2.24
Sassandra,8,CI,4/11/2018 6:52,100,4.95,-6.09,79.49,6.98
Puerto Ayora,8,EC,4/11/2018 6:52,100,-0.74,-90.35,73.82,7.31
Saint Marys,1,US,4/11/2018 5:54,92,41.43,-78.56,28.4,3.36
Croydon,90,GB,4/11/2018 6:20,100,51.37,-0.1,50,6.93
Saint-Joseph,92,FR,4/11/2018 6:30,81,43.56,6.97,53.6,4.7
Mantua,40,IT,4/11/2018 6:20,93,45.16,10.79,50,3.36
Muros,40,ES,4/11/2018 6:30,100,42.77,-9.06,33.8,5.75
Hobyo,12,SO,4/11/2018 6:52,75,5.35,48.53,85.25,4.41
Liverpool,75,GB,4/11/2018 6:20,87,53.41,-2.98,48.2,6.93
Farafangana,20,MG,4/11/2018 6:52,100,-22.82,47.83,77.06,10.11
Vila Velha,40,BR,4/11/2018 6:00,94,-3.71,-38.6,77,4.7
Matay,0,EG,4/11/2018 6:52,48,28.42,30.79,70.49,4.52
Krasnyy Oktyabr,8,RU,4/11/2018 6:52,90,56.12,38.88,31.43,18.05
Torres,0,BR,4/11/2018 6:52,100,-29.34,-49.73,68.24,8.99
Akersberga,0,SE,4/11/2018 6:20,74,59.48,18.3,33.8,3.36
Dehloran,44,IR,4/11/2018 6:52,68,32.69,47.27,72.47,4.97
Novoshcherbinovskaya,0,RU,4/11/2018 6:52,74,46.48,38.65,56,3.62
Uyovu,92,TZ,4/11/2018 6:52,100,-3.28,31.53,64.64,4.63
Kalulushi,48,ZM,4/11/2018 6:52,96,-12.84,28.09,67.34,4.18
Naryan-Mar,64,RU,4/11/2018 6:52,97,67.67,53.09,17.84,21.3
Skopelos,0,GR,4/11/2018 6:00,87,39.12,23.72,55.4,0.94
Uvarovka,0,RU,4/11/2018 6:52,79,55.53,35.61,34.49,16.71
Leua,68,AO,4/11/2018 6:52,97,-11.65,20.45,63.29,3.4
Izhma,80,RU,4/11/2018 6:52,65,65.01,53.91,24.32,15.59
Plettenberg Bay,100,ZA,4/11/2018 6:52,100,-34.05,23.37,60.86,4.52
Riyadh,75,SA,4/11/2018 6:00,44,24.63,46.72,75.2,10.29
San Julian,75,SV,4/11/2018 5:50,100,13.7,-89.56,73.4,9.17
Lebork,75,PL,4/11/2018 6:30,80,54.54,17.75,39.2,16.11
Palaia Fokaia,0,GR,4/11/2018 6:20,76,37.72,23.95,59,2.39
Sinnamary,92,GF,4/11/2018 6:53,97,5.38,-52.96,79.31,12.8
Safranbolu,75,TR,4/11/2018 5:50,93,41.25,32.69,50,6.93
Hukuntsi,88,BW,4/11/2018 6:53,97,-23.98,21.76,63.02,6.42
Obo,12,CF,4/11/2018 6:52,90,5.39,26.49,73.55,5.97
Sosnogorsk,80,RU,4/11/2018 6:52,59,63.59,53.93,26.57,14.81
Quatre Cocos,20,MU,4/11/2018 6:00,66,-20.21,57.76,84.2,3.36
Idanre,20,NG,4/11/2018 6:52,93,7.11,5.11,68.33,2.73
Ippy,0,CF,4/11/2018 6:52,90,6.26,21.2,72.74,8.21
Mikun,0,RU,4/11/2018 6:53,85,62.35,50.08,26.93,17.05
Dubrovnik,0,HR,4/11/2018 6:30,71,42.65,18.09,55.4,5.82
Bukavu,92,CD,4/11/2018 6:52,100,-2.51,28.86,59.24,2.73
Upington,20,ZA,4/11/2018 6:00,82,-28.46,21.24,64.4,2.24
Nicoya,68,CR,4/11/2018 6:52,96,10.15,-85.45,72.56,1.39
Auxerre,0,FR,4/11/2018 6:30,81,47.8,3.58,46.4,4.7
Rodniki,75,RU,4/11/2018 6:00,74,55.65,38.06,35.6,17.9
Adeje,20,NG,4/11/2018 6:52,94,5.68,5.76,70.49,2.95
Caucaia,40,BR,4/11/2018 6:00,94,-3.73,-38.66,77,4.7
Puerto Leguizamo,12,CO,4/11/2018 6:53,97,-0.19,-74.78,72.74,2.51
Elizabeth City,1,US,4/11/2018 6:40,70,36.3,-76.22,44.6,8.05
Sunderland,75,GB,4/11/2018 6:20,100,54.91,-1.38,42.8,10.29
Bara,0,NG,4/11/2018 6:53,67,10.41,10.6,77.96,13.35
Maldonado,0,UY,4/11/2018 6:00,78,-34.91,-54.96,71.6,4.7
Santa Pola,0,ES,4/11/2018 6:30,70,38.19,-0.56,50,12.75
Radeberg,0,DE,4/11/2018 6:20,66,51.12,13.92,53.6,4.7
Pisco,0,PE,4/11/2018 6:00,88,-13.71,-76.2,68,9.17
Menongue,20,AO,4/11/2018 6:52,95,-14.66,17.68,61.85,2.95
Portel,20,PT,4/11/2018 6:00,100,38.31,-7.71,42.8,11.41
Zabrze,0,PL,4/11/2018 6:30,58,50.31,18.79,57.2,4.7
Jataizinho,0,BR,4/11/2018 6:00,83,-23.26,-50.98,69.8,13.47
Husavik,32,CA,4/11/2018 6:53,78,50.56,-96.99,23.42,10.45
Meulaboh,12,ID,4/11/2018 6:53,100,4.14,96.13,84.62,3.96
Berasia,0,IN,4/11/2018 6:00,26,23.63,77.43,93.2,9.17
Maniitsoq,0,GL,4/11/2018 6:53,70,65.42,-52.9,17.66,9.66
Banda Aceh,68,ID,4/11/2018 6:53,93,5.56,95.32,82.64,2.95
Souillac,75,FR,4/11/2018 6:30,76,45.6,-0.6,51.8,10.29
Praia,0,BR,4/11/2018 6:00,77,-20.25,-43.81,64.4,2.84
Tsumeb,64,NA,4/11/2018 6:53,86,-19.25,17.72,65.27,2.95
Saldanha,64,PT,4/11/2018 6:53,95,41.42,-6.55,30.44,2.73
Saryozek,76,KZ,4/11/2018 6:53,84,44.36,77.98,37.1,10.67
Zainsk,75,RU,4/11/2018 6:00,69,55.29,52.01,39.2,11.18
Liepaja,0,LV,4/11/2018 6:20,69,56.52,21.02,41,14.99
Pestravka,0,RU,4/11/2018 6:53,88,52.4,49.95,40.52,11.45
Arauca,92,VE,4/11/2018 6:53,91,7.08,-70.76,77.33,2.84
Bonavista,0,CA,4/11/2018 6:53,100,48.65,-53.11,25.04,10.22
Imeni Stepana Razina,92,RU,4/11/2018 6:53,86,54.89,44.3,41.69,9.44
Mount Pleasant,1,US,4/11/2018 6:15,100,33.16,-94.97,50,3.62
Zonguldak,75,TR,4/11/2018 5:50,93,41.25,31.83,50,6.93
Pudozh,0,RU,4/11/2018 6:53,87,61.81,36.54,27.74,4.41
Miramar,75,CR,4/11/2018 6:00,88,10.09,-84.73,68,3.36
Coruripe,76,BR,4/11/2018 6:53,99,-10.12,-36.18,79.94,10
Qandala,0,SO,4/11/2018 6:53,53,11.47,49.87,83.09,1.61
Gazanjyk,0,TM,4/11/2018 6:53,53,39.24,55.52,60.59,9.1
Kodinar,0,IN,4/11/2018 6:53,46,20.79,70.7,94.34,7.31
Caledon,0,ZA,4/11/2018 6:53,77,-34.23,19.43,53.21,8.55
Savalou,0,BJ,4/11/2018 6:53,94,7.93,1.98,71.12,5.64
Kruisfontein,48,ZA,4/11/2018 6:53,100,-34,24.73,63.74,2.62
Marsa Matruh,90,EG,4/11/2018 6:00,52,31.35,27.25,64.4,11.41
Buchanan,75,LR,4/11/2018 6:30,94,5.88,-10.05,75.2,6.53
Tabas,0,IR,4/11/2018 6:53,17,33.6,56.92,66.44,3.96
Goundam,24,ML,4/11/2018 6:53,26,16.42,-3.66,77.24,13.91
Richards Bay,80,ZA,4/11/2018 6:53,91,-28.77,32.06,68.24,12.24
Lumeje,80,AO,4/11/2018 6:53,100,-11.56,20.78,64.01,4.41
Mbanza-Ngungu,92,CD,4/11/2018 6:53,95,-5.25,14.87,70.94,3.96
Zavodoukovsk,20,RU,4/11/2018 6:53,92,56.51,66.54,38.36,13.91
Eydhafushi,48,MV,4/11/2018 6:53,100,5.1,73.07,85.61,3.96
Pimentel,92,BR,4/11/2018 6:53,100,-3.7,-45.5,71.75,1.95
Bekeshevskaya,0,RU,4/11/2018 6:00,58,44.11,42.43,59,8.95
Przasnysz,64,PL,4/11/2018 6:53,71,53.02,20.88,56.54,18.05
Pryazha,0,RU,4/11/2018 6:00,64,61.69,33.62,33.8,8.95
The Valley,20,AI,4/11/2018 6:00,69,18.22,-63.06,78.8,17.22
Maykor,24,RU,4/11/2018 6:53,89,59.01,55.89,32.06,13.91
Rincon,1,US,4/11/2018 6:35,100,32.3,-81.24,48.2,4.18
Gonen,40,IL,4/11/2018 6:11,87,33.12,35.65,62.6,2.24
Buraydah,75,SA,4/11/2018 6:00,41,26.33,43.97,77,9.17
Velingara,0,SN,4/11/2018 6:00,36,13.64,-16.01,80.6,4.7
Nisia Floresta,75,BR,4/11/2018 6:00,94,-6.09,-35.21,75.2,5.82
Mayumba,48,GA,4/11/2018 6:53,99,-3.44,10.65,78.95,3.96
Sacramento,1,US,4/11/2018 6:35,87,38.58,-121.49,57.2,11.41
Skegness,75,GB,4/11/2018 6:20,100,53.14,0.34,42.8,14.99
Oranjestad,20,AW,4/11/2018 6:00,78,12.52,-70.03,80.6,17.22
Tame,48,CO,4/11/2018 6:53,91,6.46,-71.72,54.56,1.95
Kulhudhuffushi,56,MV,4/11/2018 6:53,100,6.62,73.07,85.61,3.4
Dwarka,40,IN,4/11/2018 6:00,42,28.58,77.04,84.2,12.75
Akhnur,40,IN,4/11/2018 6:00,69,32.87,74.73,73.4,9.17
Inhambane,40,MZ,4/11/2018 6:00,88,-23.87,35.38,77,8.05
Yenotayevka,0,RU,4/11/2018 6:53,62,47.24,47.04,58.16,16.15
Sambava,48,MG,4/11/2018 6:53,100,-14.27,50.17,80.12,10.89
Birjand,0,IR,4/11/2018 6:00,4,32.86,59.22,69.8,9.17
Zverinogolovskoye,0,RU,4/11/2018 6:53,89,54.46,64.85,47.54,16.04
Neuquen,0,AR,4/11/2018 6:00,62,-38.95,-68.06,53.6,8.05
Mhlume,100,SZ,4/11/2018 6:53,97,-26.03,31.81,66.08,11.45
Plavsk,68,RU,4/11/2018 6:53,100,53.71,37.29,37.91,18.5
Pucallpa,20,PE,4/11/2018 6:00,94,-8.38,-74.54,77,2.39
High Rock,8,BS,4/11/2018 6:53,95,26.63,-78.28,78.77,14.58
Ngaoundere,75,CM,4/11/2018 6:00,100,7.32,13.58,64.4,5.53
Yangambi,92,CD,4/11/2018 6:53,100,0.77,24.47,70.58,2.95
Phalodi,8,IN,4/11/2018 6:53,50,27.13,72.36,88.31,4.63
Kletnya,90,RU,4/11/2018 6:00,80,53.39,33.22,39.2,13.42
Saint-Augustin,90,FR,4/11/2018 6:30,81,44.83,-0.61,51.8,10.29
Kasempa,88,ZM,4/11/2018 6:53,95,-13.46,25.83,65.81,3.62
Pitkyaranta,0,RU,4/11/2018 6:53,80,61.57,31.48,29.81,3.29
Sergeyevka,0,KZ,4/11/2018 6:53,78,53.88,67.42,49.43,19.62
Marovoay,20,MG,4/11/2018 6:00,54,-16.11,46.64,84.2,9.17
Antipovka,0,RU,4/11/2018 6:53,66,49.83,45.31,50.78,6.64
Ustka,0,PL,4/11/2018 6:53,89,54.58,16.86,41.96,21.85
Abaete,0,BR,4/11/2018 6:53,87,-19.16,-45.45,63.83,5.97
Ilulissat,56,GL,4/11/2018 5:50,56,69.22,-51.1,15.8,1.12
Carlisle,20,GB,4/11/2018 5:50,100,54.89,-2.94,39.2,16.11
Bam,0,IR,4/11/2018 6:53,25,29.11,58.36,70.76,4.74
Waddan,88,LY,4/11/2018 6:53,16,29.16,16.14,74,6.2
Quchan,0,IR,4/11/2018 6:53,33,37.11,58.51,60.59,2.62
Baillif,0,GP,4/11/2018 6:30,78,16.02,-61.75,75.2,9.17
Krasnogorskoye,80,RU,4/11/2018 6:53,87,57.7,52.5,31.16,8.77
Petrolina,0,BR,4/11/2018 6:00,69,-9.38,-40.5,75.2,8.05
Ayorou,8,NE,4/11/2018 6:53,62,14.73,0.92,71.66,10.67
Touzim,75,CZ,4/11/2018 6:30,93,50.06,12.99,48.2,3.36
Lima,0,PE,4/11/2018 6:49,86,-12.06,-77.04,54.65,2.28
Puerto Asis,56,CO,4/11/2018 6:53,97,0.51,-76.5,71.84,2.17
Burgdorf,0,CH,4/11/2018 6:30,93,47.06,7.62,42.8,3.36
Fuerte Olimpo,0,BR,4/11/2018 6:53,66,-21.04,-57.87,78.59,8.99
Gastouni,40,GR,4/11/2018 6:20,82,37.85,21.25,59,4.97
Hazorasp,0,UZ,4/11/2018 6:00,26,41.32,61.08,59,20.8
Duku,12,NG,4/11/2018 6:53,76,11.24,4.91,77.24,7.76
Anloga,40,GH,4/11/2018 6:00,100,5.79,0.9,75.2,2.24
Kalabo,0,ZM,4/11/2018 6:53,82,-15,22.67,69.5,3.51
Rehoboth,0,NA,4/11/2018 6:53,84,-23.31,17.08,55.64,3.51
Verdun,0,FR,4/11/2018 6:30,100,49.16,5.39,39.2,1.12
Porto Belo,40,BR,4/11/2018 6:00,88,-27.15,-48.54,73.4,4.7
Jutai,88,BR,4/11/2018 6:53,100,-1.71,-47.89,72.65,2.28
Iquique,0,CL,4/11/2018 6:00,64,-20.22,-70.14,68,11.41
Bouna,12,CI,4/11/2018 6:53,85,9.27,-3,74.72,9.33
Laguna,0,MX,4/11/2018 6:53,63,27.52,-110.01,66.44,2.73
Kamien Pomorski,0,PL,4/11/2018 6:30,87,53.97,14.77,44.6,5.82
Belmonte,8,PT,4/11/2018 6:53,93,40.36,-7.35,32.24,4.18
Develi,75,TR,4/11/2018 6:20,76,38.39,35.49,51.8,5.82
Keuruu,0,FI,4/11/2018 6:20,63,62.26,24.71,30.2,3.36
Oussouye,0,SN,4/11/2018 6:00,88,12.49,-16.54,69.8,2.24
Totowa,1,US,4/11/2018 6:45,92,40.91,-74.21,41,3.85
Hamilton,75,CA,4/11/2018 6:00,92,43.26,-79.87,33.8,6.93
Mecca,20,SA,4/11/2018 6:00,48,21.43,39.83,84.2,3.85
Umm Lajj,0,SA,4/11/2018 6:53,81,25.02,37.27,73.91,2.39
Rawson,88,AR,4/11/2018 6:53,32,-43.3,-65.11,54.29,10.78
Zabkowice Slaskie,0,PL,4/11/2018 6:30,76,50.59,16.81,55.4,8.05
Bandarbeyla,56,SO,4/11/2018 6:53,100,9.49,50.81,81.11,7.2
Antalaha,44,MG,4/11/2018 6:53,88,-14.9,50.28,79.76,5.64
Marathon,92,CA,4/11/2018 6:53,87,48.72,-86.38,24.86,14.7
Nuqui,76,CO,4/11/2018 6:53,100,5.71,-77.27,76.43,5.97
Do Gonbadan,0,IR,4/11/2018 6:00,18,30.36,50.8,82.4,9.17
Conway,1,US,4/11/2018 6:35,93,35.09,-92.44,46.4,5.64
Skibbereen,75,IE,4/11/2018 6:30,93,51.55,-9.27,44.6,6.93
Puerto Ayacucho,80,CO,4/11/2018 6:53,100,5.66,-67.63,71.3,2.95
Jardim,0,BR,4/11/2018 6:53,63,-21.48,-56.15,76.07,7.65
Timra,0,SE,4/11/2018 6:20,73,62.49,17.33,23,2.24
San Juan,24,AR,4/11/2018 6:53,57,-31.54,-68.53,59.51,3.62
General Roca,0,AR,4/11/2018 6:00,62,-39.03,-67.58,53.6,8.05
Hirna,80,ET,4/11/2018 6:53,95,9.22,41.1,65.27,3.74
La Colmena,0,PY,4/11/2018 6:53,63,-25.89,-56.84,78.14,6.76
Gopalganj,0,BD,4/11/2018 6:53,57,23.01,89.83,92.99,7.2
Oistins,40,BB,4/11/2018 6:00,78,13.07,-59.53,77,21.92
Kologriv,0,RU,4/11/2018 6:53,67,58.83,44.31,29.81,9.22
Keene,90,US,4/11/2018 6:47,100,42.93,-72.28,33.8,2.51
Port-Gentil,20,GA,4/11/2018 6:00,94,-0.72,8.78,78.8,1.5
Sumbe,80,AO,4/11/2018 6:54,100,-11.2,13.84,75.71,4.41
Pampas,48,PE,4/11/2018 6:53,95,-12.4,-74.87,36.02,3.51
Taybad,0,IR,4/11/2018 6:53,62,34.74,60.78,55.64,7.99
Matara,88,PE,4/11/2018 6:53,100,-13.74,-72.9,39.8,2.06
Huayucachi,48,PE,4/11/2018 6:53,81,-12.13,-75.23,35.75,2.28
Dalbandin,0,PK,4/11/2018 6:53,22,28.9,64.41,74.36,2.62
Areosa,20,PT,4/11/2018 6:30,100,41.72,-8.86,39.2,4.7
Rundu,24,NA,4/11/2018 6:53,71,-17.91,19.77,68.78,2.84
Taloqan,0,AF,4/11/2018 6:53,74,36.74,69.54,50.78,2.73
La Rioja,24,AR,4/11/2018 6:49,74,-29.41,-66.86,72.74,6.42
Paramonga,36,PE,4/11/2018 6:53,98,-10.68,-77.82,66.17,9.55
Iskateley,76,RU,4/11/2018 6:53,96,67.68,53.15,17.93,22.3
Lesnikovo,0,RU,4/11/2018 6:53,81,55.28,65.32,47.54,15.03
Imbituba,40,BR,4/11/2018 6:00,88,-28.24,-48.67,73.4,4.7
Salinopolis,92,BR,4/11/2018 6:54,100,-0.61,-47.36,78.77,8.55
Batsfjord,0,NO,4/11/2018 5:50,100,70.63,29.72,33.8,19.46
Sept-Iles,75,CA,4/11/2018 6:00,84,50.2,-66.38,6.8,2.62
Carauari,44,BR,4/11/2018 6:53,100,-4.88,-66.9,72.2,2.62
Konibodom,0,TJ,4/11/2018 6:00,41,40.3,70.43,59,6.71
Yashalta,0,RU,4/11/2018 6:54,83,46.34,42.27,53.3,4.63
Puerto Baquerizo Moreno,0,EC,4/11/2018 6:53,100,-0.9,-89.6,76.16,6.87
Ferrol,40,ES,4/11/2018 6:30,100,43.48,-8.23,37.4,4.7
Pushkino,75,RU,4/11/2018 6:00,80,56.01,37.85,35.6,15.66
Lubango,64,AO,4/11/2018 6:53,98,-14.92,13.49,64.82,2.73
Bosansko Grahovo,48,BA,4/11/2018 6:53,81,44.18,16.37,45.56,1.95
Peniche,20,PT,4/11/2018 6:30,76,39.36,-9.38,50,8.05
Castelfranco Emilia,75,IT,4/11/2018 6:20,87,44.59,11.05,50,2.24
Tres Arroyos,92,AR,4/11/2018 6:53,96,-38.38,-60.28,66.89,12.8
Jeremie,56,HT,4/11/2018 6:53,100,18.65,-74.12,74.27,5.75
Gabu,24,CN,4/11/2018 6:54,42,34.78,103,61.67,3.96
Bandundu,32,CD,4/11/2018 6:54,96,-3.32,17.38,73.91,6.76
Banikoara,44,BJ,4/11/2018 6:54,81,11.3,2.44,74.72,9.22
Natalio,0,PY,4/11/2018 6:54,74,-26.76,-55.14,73.46,4.74
Lyubashivka,8,UA,4/11/2018 6:54,67,47.84,30.26,57.53,4.63
Yenagoa,80,NG,4/11/2018 6:54,93,4.92,6.26,73.91,3.06
Broadstairs,75,GB,4/11/2018 6:20,93,51.36,1.44,48.2,8.05
Rio Cuarto,0,AR,4/11/2018 6:00,78,-33.13,-64.35,71.6,6.93
Kananga,48,CD,4/11/2018 6:54,91,-5.9,22.41,71.84,3.62
Filadelfia,0,PY,4/11/2018 6:54,63,-22.35,-60.04,81.29,12.68
Vlore,92,AL,4/11/2018 6:54,98,40.47,19.49,59.78,8.99
Grootfontein,8,NA,4/11/2018 6:54,94,-19.56,18.1,59.96,6.98
Masumbwe,76,TZ,4/11/2018 6:54,99,-3.65,32.16,65.36,4.18
Pedernales,32,EC,4/11/2018 6:54,92,0.07,-80.05,70.13,2.73
Luquillo,40,PR,4/11/2018 5:56,88,18.37,-65.72,75.2,3.36
Ati,0,TD,4/11/2018 6:54,21,13.21,18.34,71.21,11.68
Beirut,40,LB,4/11/2018 6:00,55,33.9,35.48,64.4,3.36
Adelaide,12,AU,4/11/2018 6:07,19,-34.93,138.6,91.4,26.4
Havre-Saint-Pierre,90,CA,4/11/2018 6:00,85,50.23,-63.6,24.8,5.82
Slavsk,0,RU,4/11/2018 6:54,66,55.05,21.68,40.97,19.17
Diamantino,0,BR,4/11/2018 6:54,96,-14.4,-56.44,72.02,5.97
Bonoua,40,CI,4/11/2018 6:30,94,5.27,-3.6,75.2,2.24
Kifri,8,IQ,4/11/2018 6:54,100,34.69,44.96,64.46,8.66
Kassala,68,SD,4/11/2018 6:54,40,15.45,36.38,82.55,1.72
Newtownards,80,GB,4/11/2018 6:20,100,54.59,-5.69,44.6,8.05
Wad Rawah,0,SD,4/11/2018 6:54,23,15.16,33.13,77.06,10
Salamiyah,92,SY,4/11/2018 6:54,100,35.01,37.05,50.6,4.41
Leh,80,IN,4/11/2018 6:54,95,34.16,77.58,20.99,2.17
Resistencia,0,AR,4/11/2018 6:00,83,-27.45,-58.99,78.8,5.82
Mercedes,12,UY,4/11/2018 6:54,69,-33.25,-58.03,73.73,9.66
Antofagasta,40,CL,4/11/2018 6:00,88,-23.65,-70.4,62.6,4.7
Riberalta,48,BO,4/11/2018 6:54,95,-11,-66.08,75.26,2.17
Maroantsetra,0,MG,4/11/2018 6:54,97,-15.43,49.74,74.99,1.61
Naryshkino,88,RU,4/11/2018 6:54,91,52.97,35.72,49.25,13.8
Abha,75,SA,4/11/2018 6:00,77,18.22,42.5,60.8,6.93
Khorramshahr,75,IR,4/11/2018 6:00,47,30.43,48.18,82.4,11.41
Kaspiyskiy,0,RU,4/11/2018 6:54,68,45.39,47.37,57.62,25.43
Yugorsk,36,RU,4/11/2018 6:51,72,61.32,63.33,35.03,13.24
Manavgat,75,TR,4/11/2018 6:20,77,36.79,31.44,62.6,3.36
Bilma,0,NE,4/11/2018 6:54,23,18.69,12.92,65,3.18
Bafilo,0,TG,4/11/2018 6:00,78,9.35,1.24,73.4,2.24
Ciudad Bolivar,36,VE,4/11/2018 6:54,80,8.12,-63.55,76.61,10.56
Venice,90,US,4/11/2018 6:35,88,27.1,-82.45,73.4,16.11
Kutum,0,SD,4/11/2018 6:54,20,14.2,24.66,66.89,11.79
Maragogi,92,BR,4/11/2018 6:54,98,-9.01,-35.22,74.9,2.84
Pimenta Bueno,36,BR,4/11/2018 6:54,97,-11.68,-61.19,72.56,2.17
Samfya,92,ZM,4/11/2018 6:54,100,-11.37,29.56,67.88,4.41
Plouzane,90,FR,4/11/2018 6:30,100,48.38,-4.62,44.6,8.05
Bialystok,12,PL,4/11/2018 6:50,78,53.13,23.15,48.89,18.05
Piacabucu,88,BR,4/11/2018 6:54,86,-10.41,-36.43,75.62,4.41
Djibo,8,BF,4/11/2018 6:54,60,14.1,-1.63,73.73,7.99
Pangoa,92,PE,4/11/2018 6:54,100,-12.12,-73,64.46,2.17
Kivsharivka,0,UA,4/11/2018 6:54,73,49.63,37.68,53.66,4.52
Messina,20,IT,4/11/2018 5:55,87,38.19,15.55,57.2,2.24
Charleville-Mezieres,75,FR,4/11/2018 6:25,81,49.77,4.72,44.6,1.12
Asosa,0,ET,4/11/2018 6:53,23,10.07,34.53,80.3,3.96
Benguela,92,AO,4/11/2018 6:54,100,-12.58,13.4,75.8,7.99
Olhao,20,PT,4/11/2018 6:30,87,37.03,-7.84,50,11.41
Karasjok,75,NO,4/11/2018 6:20,64,69.47,25.52,37.4,14.99
Kilosa,68,TZ,4/11/2018 6:54,100,-6.84,36.99,70.31,2.84
Bama,68,CN,4/11/2018 6:54,72,24.14,107.25,78.5,9.66
Darab,12,IR,4/11/2018 6:54,36,28.75,54.55,69.41,2.95
Manaure,48,CO,4/11/2018 6:54,95,11.78,-72.45,79.22,19.84
Loksa,0,EE,4/11/2018 6:20,64,59.58,25.72,37.4,9.17
Cumra,75,TR,4/11/2018 5:50,71,37.57,32.77,53.6,1.12
Harper,1,US,4/11/2018 6:15,75,30.3,-99.24,59,8.43
Susurluk,75,TR,4/11/2018 5:50,93,39.91,28.16,53.6,3.74
Ahmadpur Sial,40,PK,4/11/2018 5:56,51,30.68,71.77,82.4,5.53
Gualeguaychu,32,AR,4/11/2018 6:54,64,-33.01,-58.51,75.71,10.45
Maceio,75,BR,4/11/2018 6:00,88,-9.67,-35.74,75.2,2.24
Pitimbu,90,BR,4/11/2018 6:00,94,-7.47,-34.81,73.4,6.93
Ankazobe,20,MG,4/11/2018 6:00,64,-18.32,47.12,73.4,4.7
Novo Aripuana,8,BR,4/11/2018 6:54,94,-5.12,-60.38,75.98,3.62
Mossoro,92,BR,4/11/2018 6:54,100,-5.19,-37.34,70.76,6.42
Hlukhiv,0,UA,4/11/2018 6:54,86,51.68,33.91,56.63,4.52
Saint-Pierre,0,FR,4/11/2018 6:30,81,48.95,4.24,46.4,8.05
La Palma,44,CO,4/11/2018 6:54,100,5.36,-74.39,64.01,1.16
Penzance,75,GB,4/11/2018 6:20,93,50.12,-5.53,50,10.29
Bako,8,NG,4/11/2018 6:54,85,9.68,6.4,74.81,7.65
Santa Cruz Cabralia,92,BR,4/11/2018 6:54,99,-16.28,-39.02,76.61,7.99
Asuncion,0,PY,4/11/2018 6:00,74,-25.3,-57.63,78.8,9.17
San Carlos,32,VE,4/11/2018 6:54,85,9.66,-68.59,74.81,5.97
Mount Darwin,88,ZW,4/11/2018 6:54,93,-16.77,31.58,69.86,4.41
Watsa,76,CD,4/11/2018 6:54,96,3.04,29.53,69.41,4.07
Baltay,0,RU,4/11/2018 6:54,92,52.47,46.63,35.39,8.21
Maloy,80,ID,4/11/2018 6:54,67,1,118.1,86.24,4.18
Kaluga,88,RU,4/11/2018 6:54,99,54.51,36.26,35.39,17.6
Vangaindrano,12,MG,4/11/2018 6:54,91,-23.35,47.6,74.72,3.4
Makinsk,32,KZ,4/11/2018 6:54,97,52.63,70.42,36.47,16.04
Bonthe,68,SL,4/11/2018 6:54,91,7.53,-12.5,77.51,2.51
Lodhran,32,PK,4/11/2018 6:54,99,29.54,71.63,75.08,5.08
Canico,75,PT,4/11/2018 6:30,67,32.63,-16.85,62.6,5.82
Salinas,75,US,4/11/2018 6:35,76,36.67,-121.66,57.2,12.75
Nushki,32,PK,4/11/2018 6:54,42,29.55,66.02,66.8,3.96
Saint Anthony,40,US,4/11/2018 5:56,53,43.97,-111.68,55.4,10.29
Boa Vista,90,BR,4/11/2018 6:00,65,2.82,-60.67,82.4,14.99
Maun,0,BW,4/11/2018 6:00,77,-19.99,23.42,69.8,5.82
Uchiza,32,PE,4/11/2018 6:54,93,-8.46,-76.46,68.42,1.95
Granada,40,NI,4/11/2018 6:00,74,11.93,-85.96,80.6,6.93
Mednogorsk,20,RU,4/11/2018 6:54,88,51.41,57.59,37.82,9.78
Malinovskiy,64,RU,4/11/2018 6:54,91,54.15,34.53,38.54,20.29
Arica,0,CL,4/11/2018 6:00,63,-18.48,-70.32,64.4,3.36
Libreville,20,GA,4/11/2018 6:30,94,0.39,9.45,77,4.7
Panguma,64,SL,4/11/2018 6:54,99,8.18,-11.13,70.31,3.18
Saint-Leu,0,RE,4/11/2018 6:30,58,-21.15,55.28,84.2,6.93
Honningsvag,75,NO,4/11/2018 5:50,99,70.98,25.97,35.6,18.34
Terenos,0,BR,4/11/2018 6:00,73,-20.44,-54.87,75.2,13.87
Tornio,0,FI,4/11/2018 6:20,59,61.12,27.27,37.4,2.24
Nuuk,8,GL,4/11/2018 5:50,79,64.17,-51.74,28.4,16.11
Zurrieq,40,MT,4/11/2018 6:15,72,35.83,14.47,62.6,6.93
Mbigou,80,GA,4/11/2018 6:54,97,-1.9,11.91,67.34,2.95
Robore,0,BO,4/11/2018 6:54,64,-18.33,-59.76,79.49,9.44
Sosnovoborsk,40,RU,4/11/2018 6:00,52,56.12,93.34,41,8.95
Abidjan,40,CI,4/11/2018 6:30,94,5.32,-4.02,75.2,2.24
Quelimane,75,MZ,4/11/2018 6:00,88,-17.88,36.89,78.8,2.24
Tarauaca,20,BR,4/11/2018 6:54,95,-8.16,-70.77,74.27,2.51
Wielun,0,PL,4/11/2018 6:54,99,51.22,18.57,52.31,4.18
Ormara,20,PK,4/11/2018 6:54,57,25.21,64.64,87.32,10.67
Nelidovo,0,RU,4/11/2018 6:54,76,56.22,32.78,33.77,17.27
Vranje,0,RS,4/11/2018 6:30,76,42.55,21.9,53.6,2.39
Kabompo,20,ZM,4/11/2018 6:54,99,-13.6,24.21,67.61,3.96
Lodwar,48,KE,4/11/2018 6:54,100,3.12,35.6,75.44,2.62
Batouri,92,CM,4/11/2018 6:54,97,4.44,14.36,69.77,5.86
Aripuana,64,BR,4/11/2018 6:54,100,-9.17,-60.63,71.66,3.62
Iquitos,0,PE,4/11/2018 6:00,94,-3.75,-73.25,77,2.73
Weimar,1,US,4/11/2018 6:35,93,29.7,-96.78,51.8,2.73
Dasoguz,0,TM,4/11/2018 6:00,28,41.84,59.97,59,16.11
Tougan,0,BF,4/11/2018 6:54,67,13.07,-3.07,77.51,7.76
Calama,0,CL,4/11/2018 6:00,90,-22.46,-68.93,42.8,11.41
Mogadishu,75,SO,4/11/2018 6:00,83,2.04,45.34,84.2,5.64
Cap Malheureux,20,MU,4/11/2018 6:00,66,-19.98,57.61,84.2,3.36
